,aid,view,danmaku,reply,favorite,coin,share,name
0,13441,4225994,315153,21494,31666,20207,5248,CLANNAD~After Story~【1-25话全】【澄空】BD1080P
1,314,4190224,194677,31892,132154,26303,4464,电磁炮真是太可爱了
2,106,3147210,106712,13977,68801,12760,9919,最终鬼畜蓝蓝路
3,11486,2640310,176726,2936,12038,3786,1273,【BDRIP】南家三姐妹【第一季】
4,17012,2180782,81417,6010,5070,2348,833,【合辑】公主恋人1 -12话【HKG】
5,8499,2017536,36450,5309,60825,7856,10709,真.三国无双 【兄貴伝】
6,17500,1791185,86223,1653,9863,1989,519,
7,706,1755177,7371,21910,103958,16377,5605,【東方】Bad Apple!! ＰＶ【影絵】
8,107,1579886,53853,7415,43438,5903,3101,最终鬼畜二小姐.芙兰朵露
9,12999,1503165,101458,3074,21728,4073,1088,【合集】狼与香辛料 第一季【1-13集全】【华盟X元古】720P
10,9911,1247694,96329,1643,5972,1520,418,【合集】麻辣教师GTO
11,9,1237494,5025,4858,10015,994,833,[思密达]无敌金馆长.
12,12275,1230415,49928,1775,3223,1262,901,
13,7,1158359,22770,23613,9991,2189,538,2012地球便当之日宣传片
14,271,1089320,529084,3638,6981,704,150,弹幕测试专用
15,2332,1059693,69108,2382,9053,1715,793,
16,6528,970162,21569,548,13920,262,335,
17,4903,821974,18608,942,1626,527,359,【4月】会长是女仆大人！ 第1话【极影】 补档#
18,11127,794534,54334,829,7258,755,120,全金属狂潮第二季(720P)
19,11849,775801,124828,1048,8095,698,56,【合集】龙与虎（1-25全）
20,10429,735273,11128,1210,12798,860,1639,【原版】葛平 吴克 小光头的由来 老物【起源】
21,15647,721651,42931,1886,4369,847,401,
22,13196,685276,20483,342,531,566,114,
23,7136,609566,35806,1939,17912,1499,561,
24,7029,608483,50869,4461,27522,5983,1270,MAD.CLANNAD .さくら-あなたに出会えてよかった
25,1189,582455,11280,740,1847,354,183,【一月】笨蛋测验召唤兽 第1话【HKG】
26,15468,570255,16766,251,326,379,66,
27,816,529459,15869,3092,12104,2103,471,金坷垃 美日非K歌金曲CD
28,4143,502040,25770,523,6359,1541,787,超级玛丽完全变态BUG玩法
29,12,495352,1392,2501,3743,357,310,音乐与弹幕同步 3.⑤
30,8219,426876,0,3274,1156,74,5,
31,17800,422677,31146,1143,4572,481,135,【澄空】我家有个狐仙大人24話全
32,1579,413044,6823,700,4207,250,245,这是肥音你懂吗
33,7178,410422,8641,861,13262,1861,743,【RSP】樱花相见你【PV】
34,10412,389222,5559,486,591,44,4,周刊哔哩哔哩排行榜计划！
35,12826,385670,50808,1141,1854,313,13,【KFC】steins;gate 中文影像版
36,5376,385088,4348,426,300,199,36,【四月】会长是女仆大人 第2话【极影】
37,599,377119,42167,795,6344,209,45,
38,2848,374563,7000,504,7123,208,25,東方VocalBGM系列 神曲集壹佰首
39,2995,367799,11800,1429,1822,114,22,【漫游】机动战士高达UC第一话
40,4437,363279,10022,293,2109,251,188,"世界上最难的两个马里奥一命通,猫里奥其实是菜鸟玩的!"
41,853,362178,11379,2095,12196,1675,733,钉宫系统音洗脑
42,15666,346721,21689,592,2709,409,97,
43,13960,343814,12797,2864,14876,3472,266,bilibili入站歌-钢琴完整版
44,10426,339472,75151,472,3039,116,180,【纯爷们教你吃野味】荒野求生：饮食篇
45,17718,334896,11249,746,3330,301,276,【手办】史上最强手办
46,13099,334787,33602,361,1717,36,1,南家三姐妹【再来一碗】480P标清版
47,1961,330972,4109,1407,8813,987,237,【音MAD】杠杠杠杠杠杠杠杠杠【咲-Saki-×ココロオドル】
48,1311,330916,7459,428,1972,389,105,
49,9297,328943,28979,2275,2961,1457,448,上老师！我想炉心融解[翻唱]Ryu
50,5693,326927,31763,2019,16310,2037,2804,"初音ミクが円周率10,000桁覚えたようです。"
51,12450,316748,3819,3112,4946,377,149,搬运__【Melendiz — Fuck You All】
52,17014,316137,30332,687,2043,129,7,
53,326,314069,3483,655,340,205,155,
54,16954,305078,29577,332,1504,82,30,创圣的大天使TV 全26话
55,13256,303651,55376,956,2954,557,780,泰国奥特曼，5个奥特曼兄弟来客串
56,3323,300335,23270,418,2737,159,43,"鬼畜音乐演唱会(部分""名人""客串演出)"
57,1612,296356,8152,2196,4977,1418,204,【小缘翻唱;完整版】恋愛サーキュレーション
58,10585,295851,90464,682,7905,1132,71,用windows系统音做的BGM
59,16697,291162,2511,22,514,48,102,
60,783,287139,7076,623,3141,232,130,[欢乐笔记本]内置病毒AIPC笔记本电脑
61,18006,285488,11409,238,258,39,1,
62,778,276166,8494,1029,1194,217,131,贫穷姐妹物语
63,3372,273857,5640,848,8290,3019,393,【真·烂苹果】全苹果再现Bad Apple!! PV
64,495,272462,22965,1764,10523,706,91,【U.N.】U.N.OWEN就是她？495首合集（总31小时）
65,835,270576,40267,215,2599,396,10,
66,1389,259163,8097,101,206,130,7,【一月】笨蛋测验召唤兽 第2话【HKG】
67,12668,255816,10073,350,689,226,210,【7月新番】【SOSG】滑头鬼之孙01
68,878,246814,9491,270,1085,99,58,【略鬼畜】金馆长
69,4918,241712,1832,323,1106,53,16,
70,4100,240116,3933,128,1649,40,14,【猎天使魔女】痴女间交流用肉体语言＋拷问技BOSS战QTE合集＋MAD
71,8567,240062,285,55,887,42,16,【樱兰】High School Never Ends!【修复不同步】
72,9765,232006,17001,1020,5080,210,142,把妹有风险，投胎需谨慎（内嵌中文字幕）
73,5908,231786,14918,420,2845,240,134,BLASSREITER 720全集
74,3741,227625,7183,2036,9884,997,235,【东方】超萌的审判
75,13940,227444,14551,663,1919,118,31,【瞎狗眼不偿命】●真人版●动画OP/ED合集
76,8908,222868,7301,392,846,41,15,【睾同步10P】（再修复）新三国ED、OP的兼容性验证报告
77,9449,222345,29670,149,1218,149,32,
78,15542,221145,23416,230,2538,103,5,绝望先生第一季
79,7565,219772,4977,485,2983,188,356,【非ACG】今晚去找小姐
80,1390,216281,5868,117,190,128,7,【一月】笨蛋 测试 召唤兽第3话 【DA同音爱漫】
81,5323,216115,11443,168,1113,141,146,猫和老鼠鬼畜配音第二、三集
82,10086,215277,4543,1280,1717,165,119,【中文配音】搞笑漫画日和之贴纸
83,16805,214158,12966,193,263,357,49,
84,12591,206965,4251,269,3687,350,86,「鋼の錬金術師FA」OP/ED合集【完结纪念】
85,16000,206894,7263,645,1869,217,265,黑子喝了媚药之后……
86,5728,205318,5791,752,5678,422,40,【U.N.】～Who Killed U.N.Owen～【東方ヴォーカル】
87,17547,201667,12191,188,705,44,11,超级马里奥一代的一些特效改版
88,24,196740,5105,855,2897,296,124,多那路多信仰风化曲
89,637,196212,2216,1649,6405,475,108,【東方】PAD先進国紅魔館【ＰＶ風】【GIF跟风测试】
90,9735,195441,21073,323,3525,98,15,【OVA合集】机动战士高达0083 5.1声道重制版
91,15239,188734,18657,292,3853,318,15,【极影&SOSG】狼与香辛料 第二季【720P】
92,2729,187311,4196,201,1897,177,18,【触手猴】初音ミクの消失
93,12594,186716,9771,78,855,25,15,叫兽 蠢爸爸 视频正片集合
94,4990,185354,14230,291,1224,152,76,
95,668,183097,497,126,895,32,9,RED ZONE原版PV
96,17099,180399,1646,235,2689,75,396,
97,39,179217,7609,1309,2225,139,261,
98,2557,178063,4874,2177,6434,334,199,
99,6693,176645,589,106,90,53,14,【四月】会长是女仆 第6话【极影】
100,8805,175498,4772,618,4888,617,94,【萌度爆表的終極殺器】釘宮理惠版 恋愛サーキュレーション
101,5584,174600,5562,149,1834,54,33,
102,11819,174552,4952,207,1143,16,10,俄罗斯动画广告大战系列
103,2009,173418,185,75,67,2,0,思茅一中BTV采访视频
104,11361,173238,6519,634,499,77,14,周刊哔哩哔哩排行榜#1（10年6月第4周）
105,2313,170131,14135,1921,5424,478,85,【2010《春节X圣战》--大拜年】
106,666,169440,5319,2358,2714,189,122,【音ゲーMAD】Dnars【ドナルド×Evans】
107,11,168711,2087,2499,1336,165,33,初恋限定 真人pv
108,16979,167997,3760,909,5372,546,300,
109,4450,167591,3174,739,4173,444,145,【VAN樣】ローリン♂ダーク
110,11890,166883,13008,323,810,114,36,【7月】大神与七位伙伴 01【DMG】
111,349,165327,805,3965,3229,519,71,[人生的导师松冈修造]東方修夢造
112,13301,161260,8747,486,2790,266,22,【神MAD集】魔法禁书目录全民K歌会【口型同步400%】
113,5861,160839,8958,287,1303,159,39,
114,1564,160483,6630,546,2970,86,27,【怀旧】AC上的那些老东西
115,15720,160419,29933,451,3260,208,8,
116,2616,158020,10073,207,1026,47,10,[阿姨洗铁路]创圣のアクエリオン
117,2483,157730,2775,91,627,13,3,阵内智则吐槽集合
118,20,157311,3833,1788,3347,361,104,【初音ミク(40mP)】巨大少女
119,11020,155805,11342,282,2923,76,32,
120,5052,155622,3733,195,660,85,32,【四月】荒川爆笑团 第1话【wolf】
121,4824,155438,7975,436,2117,191,74,万能的朱雀卿
122,1641,152810,5968,93,143,107,16,【1月】笨蛋测验召唤兽 04#修复
123,2162,151530,3436,154,966,26,14,[鬼畜合辑]最终鬼畜妹系列【7P】
124,2991,150214,4730,754,3110,151,35,这不是BAD apple
125,6944,149997,7286,119,745,158,128,猫和老鼠鬼畜配音第五集-我的表哥是兄贵
126,270,149821,1899,870,3511,224,57,节奏小鸡
127,1699,146852,2300,129,1255,720,38,【小柊】熊猫猫体操舞专辑(暂5P)[花丸幼稚园]
128,6257,144978,5861,81,561,95,69,猫和老鼠鬼畜配音第四集-戒网记
129,3884,143439,2495,48,83,68,2,[一月]笨蛋测试召唤兽 [⑧]
130,16383,143320,2409,95,298,8,2,【睾科技】你所没见过的手机
131,13512,142305,8624,61,78,72,11,【7月】滑头鬼之孙 02【SOSG】
132,8832,141532,695,42,60,29,8,【四月】会长是女仆 第10话【极影】
133,2950,141442,5156,114,1850,123,34,第三届东方M1漫才大赛
134,12104,140929,2431,459,3051,487,205,新世纪福音战士 光头葛炮
135,3518,140858,4470,255,3124,111,31,【東方Anime】東方活動写真館 第一幕＋第二幕宣传pv×2
136,5544,140519,3122,478,2229,27,99,【5120x2880神高清】鳥の詩 高清病毒出沒注意
137,13230,140253,3718,38,42,56,6,【四月】会长是女仆 第15话【极影】
138,8087,140221,7377,85,647,123,120,猫和老鼠鬼畜配音第六集-决战！北坡保龄球馆！
139,1933,139032,2012,82,99,90,4,【1月】笨蛋测验召唤兽 05#修复
140,3778,138109,9220,289,2031,157,92,比利教你如何乱入电影~
141,1035,138108,24656,237,1380,52,4,
142,3271,137077,41,17,125,969,1,巡音ルカ·Queen Nereid
143,4092,135686,6034,322,2433,96,11,【東方動畫】東方活動写真館~第二幕（已修复）
144,6487,134856,2958,740,4210,423,321,（本家）亚拉那一卡
145,11973,134769,2157,172,1998,168,58,【触手猴】「裏表ラバーズ」を弾いてみた【ピアノ】
146,3918,134764,11295,168,2201,137,27,
147,4518,134089,24394,108,790,45,2,【搬运】【零之使魔第一季】【全集】
148,12951,133153,825,256,1001,81,47,
149,12042,132997,3045,38,55,44,8,【四月】会长是女仆 第14话【极影】
